Tanggal Pembayaran,Nama Produk
2020-05-08,"['AS DINAMO KIPAS ANGIN MODEL COSMOS,MIYAKO,UMUM-RRT.']"
2020-05-10,"['bushing boshing bos bearing kipas angin Rrt/umum', 'AS Exsos kipas lobang 2 model Maspion Nasional.', 'AS DINAMO KIPAS ANGIN MODEL COSMOS,MIYAKO,UMUM-RRT.']"
2020-05-13,"['AS Exsos kipas lobang 2 model Maspion Nasional.', 'AS DINAMO KIPAS ANGIN MODEL COSMOS,MIYAKO,UMUM-RRT.', 'bushing boshing bos bearing kipas angin Rrt/umum']"
2020-05-14,"['AS DINAMO KIPAS ANGIN MODEL COSMOS,MIYAKO,UMUM-RRT.', 'bushing boshing bos bearing kipas angin Rrt/umum']"
2020-05-16,"['AS DINAMO KIPAS ANGIN MODEL COSMOS,MIYAKO,UMUM-RRT.', 'bushing boshing bos bearing kipas angin Rrt/umum']"
2020-05-20,['bushing boshing bos bearing kipas angin Rrt/umum']
2020-05-28,"['AS kipas angin model Maspion 20,5 cm.AS Maspion 16""/inci']"
2020-05-29,"['AS kipas angin model Maspion 18,5 cm.AS Maspion 12""/inci', 'arang blender Philip', 'oring seal AS kipas angin umum.']"
2020-05-31,"['AS DINAMO KIPAS ANGIN MODEL COSMOS,MIYAKO,UMUM-RRT.']"
2020-06-01,"['AS DINAMO KIPAS ANGIN MODEL COSMOS,MIYAKO,UMUM-RRT.']"
2020-06-02,"['AS DINAMO KIPAS ANGIN MODEL COSMOS,MIYAKO,UMUM-RRT.', 'sil pompa air Shimizu 125/seal pompa air Shimizu simitsu 125.']"
2020-06-03,"['arang blender Philip', 'AS DINAMO KIPAS ANGIN MODEL COSMOS,MIYAKO,UMUM-RRT.']"
2020-06-06,"['AS DINAMO KIPAS ANGIN MODEL COSMOS,MIYAKO,UMUM-RRT.', 'oring seal AS kipas angin umum.']"
2020-06-07,['B15-70 2RS Bearing NKN Ball bearing kapasitor B15-70 NKN(B317)']
2020-06-08,"['konektor blender drat kecil hitam POM Nasional sanex airlux trisonic', 'konektor blender Miyako lama abu abu,panasonic,nasional drat besar POM']"
2020-06-11,"['AS kipas angin model Maspion 20,5 cm.AS Maspion 16""/inci', 'bushing boshing bos bearing kipas angin Rrt/umum']"
2020-06-12,"['Gigi konektor blender Miyako drat lubang kecil gear lower National RRT', 'Karet seal Oring sil blender Mounting gelas Nasional Miyako Gmc sanex']"
2020-06-14,"['Gear box/girbox/gearbox/gear bok kipas angin Cosmos Miyako,umum.rrt', 'bushing boshing bos bearing kipas angin Rrt/umum', 'AS DINAMO KIPAS ANGIN MODEL COSMOS,MIYAKO,UMUM-RRT.']"
2020-06-15,"['AS DINAMO KIPAS ANGIN MODEL COSMOS,MIYAKO,UMUM-RRT.', 'bushing boshing bos bearing kipas angin Rrt/umum']"
2020-06-16,"['bushing boshing bos bearing kipas angin Rrt/umum', 'Arang Mixer karbon carbon brush mixer blender.']"
2020-06-17,"['AS DINAMO KIPAS ANGIN MODEL COSMOS,MIYAKO,UMUM-RRT.', 'AS Exhaust/Exaust/Exsos Maspion Panasonic National multi kipas angin.', 'Leher kipas angin COSMOS Dinding wall fan kipas angin COSMOS 12"" 16""']"
2020-06-18,"['bushing boshing bos bearing kipas angin Rrt/umum', 'AS kipas angin model Maspion 20,5 cm.AS Maspion 16""/inci']"
2020-06-20,['AS Exhaust/Exaust/Exsos Maspion Panasonic National multi kipas angin.']
2020-06-23,"['oring seal AS kipas angin umum.', 'seal sil pompa air Panasonic National GP125 Nasional Spareparts pompa']"
2020-06-24,"['bushing boshing bos bearing kipas angin Rrt/umum', 'AS DINAMO KIPAS ANGIN MODEL COSMOS,MIYAKO,UMUM-RRT.']"
2020-06-25,"['AS DINAMO KIPAS ANGIN MODEL COSMOS,MIYAKO,UMUM-RRT.']"
2020-06-26,['oring seal AS kipas angin umum.']
2020-06-27,"['switch micro 3 pin.saklar mikro otomatis Rice cooker majic com/jer', 'AS DINAMO KIPAS ANGIN MODEL COSMOS,MIYAKO,UMUM-RRT.', 'Arang Mixer karbon carbon brush mixer blender.', 'Leher kipas angin COSMOS Dinding wall fan kipas angin COSMOS 12"" 16""']"
2020-06-29,"['AS Exhaust/Exaust/Exsos Maspion Panasonic National multi kipas angin.', 'AS DINAMO KIPAS ANGIN MODEL COSMOS,MIYAKO,UMUM-RRT.', 'AS kipas angin model Maspion 18,5 cm.AS Maspion 12""/inci', 'oring seal AS kipas angin umum.']"
2020-06-30,"['AS DINAMO KIPAS ANGIN MODEL COSMOS,MIYAKO,UMUM-RRT.', 'seal sil pompa air Panasonic National GP125 Nasional Spareparts pompa', 'switch micro 3 pin.saklar mikro otomatis Rice cooker majic com/jer', 'AS kipas angin model Maspion 20,5 cm.AS Maspion 16""/inci']"
2020-07-01,"['switch micro 3 pin.saklar mikro otomatis Rice cooker majic com/jer', 'AS kipas angin model Maspion 20,5 cm.AS Maspion 16""/inci']"
2020-07-02,['Gigi konektor blender Miyako drat lubang kecil gear lower National RRT']
2020-07-03,['Gigi konektor blender Miyako drat lubang kecil gear lower National RRT']
2020-07-04,"['bushing boshing bos bearing kipas angin Rrt/umum', 'oring seal AS kipas angin umum.', 'Leher kipas angin COSMOS tiang berdiri stand fan leher Cosmos 12"" 16"".']"
2020-07-05,['oring seal AS kipas angin umum.']
2020-07-07,"['seal sil pompa air Panasonic National GP125 Nasional Spareparts pompa', 'bushing boshing bos bearing kipas angin Rrt/umum']"
2020-07-08,"['bos boshing kipas angin Cosmos Miyako Maspion bossing bulet bushing', 'oring seal AS kipas angin umum.', 'Gigi konektor blender Miyako drat lubang kecil gear lower National RRT', 'Karet seal Oring sil blender Mounting gelas Nasional Miyako Gmc sanex', 'seal sil pompa air Panasonic National GP125 Nasional Spareparts pompa', 'kopel gigi karet blender drat lobang kecil gear RRT pisau blender umum', 'Seal Dab 125/Sil pompa air DB125/Seal MS12/Mechanical seal spareparts', 'seal pompa air Shimizu 100- 125/sil pompa air Shimizu simitsu 125.', 'AS Exhaust/Exaust/Exsos Maspion Panasonic National multi kipas angin.', 'bushing boshing bos bearing kipas angin Rrt/umum']"
2020-07-09,"['bushing boshing bos bearing kipas angin Rrt/umum', 'seal 2 ply mounting bumbu blender Philip karet 2061-2071-2115-2116mill', 'bos boshing kipas angin Cosmos Miyako Maspion bossing bulet bushing', 'AS DINAMO KIPAS ANGIN MODEL COSMOS,MIYAKO,UMUM-RRT.']"
2020-07-10,"['AS DINAMO KIPAS ANGIN MODEL COSMOS,MIYAKO,UMUM-RRT.', 'Gigi konektor blender Miyako drat lubang kecil gear lower National RRT']"
2020-07-11,"['oring seal AS kipas angin umum.', 'bushing boshing bos bearing kipas angin Rrt/umum']"
2020-07-12,"['AS DINAMO KIPAS ANGIN MODEL COSMOS,MIYAKO,UMUM-RRT.', 'seal pompa air Shimizu 100- 125/sil pompa air Shimizu simitsu 125.']"
2020-07-13,"['Gigi konektor Miyako lama gear lower panasonic,nasional drat besar POM', 'termostat magicom 81 derajat rice cooker.', 'AS kipas angin model Maspion 18,5 cm.AS Maspion 12""/inci', 'arang blender Philip', 'Gear box kipas angin Maspion bintang girbok/gear bok kipas angin12 16', 'Karet seal Oring sil blender Mounting gelas Nasional Miyako Gmc sanex']"
2020-07-14,"['Karet seal Oring sil blender Mounting gelas Nasional Miyako Gmc sanex', 'AS kipas angin Panasonic Nasional KDK panasonik National panjang 22cm.', 'bushing boshing bos bearing kipas angin Rrt/umum', 'Leher kipas angin COSMOS Dinding wall fan kipas angin COSMOS 12"" 16""', 'Gigi konektor blender Miyako drat lubang kecil gear lower National RRT', 'AS Exhaust/Exaust/Exsos Maspion Panasonic National multi kipas angin.']"
2020-07-15,"['Gear box kipas angin Maspion bintang girbok/gear bok kipas angin12 16', 'bos dinamo kipas angin National boshing panasonic bossing KDK dinding.', 'Gigi konektor blender Miyako drat lubang kecil gear lower National RRT', 'Leher kipas angin COSMOS tiang berdiri stand fan leher Cosmos 12"" 16"".', 'Tutup sendok Blender Nasional National tutup gelas juice blender NS.', 'termostat magicom 81 derajat rice cooker.']"
2020-07-16,['bushing boshing bos bearing kipas angin Rrt/umum']
2020-07-17,"['Gigi konektor blender Miyako drat lubang kecil gear lower National RRT', 'Arang blender carbon brush bostel arang sepul blender plat kotak.', 'spiner AS kipas angin Cosmos Miyako/kunci mur baling kipas angin', 'Leher kipas angin Maspion berdiri Tiang stand fan kipas angin.', 'Leher kipas angin COSMOS Dinding wall fan kipas angin COSMOS 12"" 16""', 'seal pompa air Toyomoto 125 sil TM 125 marcanical seal Ty mekanik', 'seal pompa air Shimizu 100- 125/sil pompa air Shimizu simitsu 125.', 'bearing 6003 2RS NKN tutup seal klaher laher bantalan bearing motor', 'Ball Bearing 6002 2RS NKN Bearing Motor klaher laher bantalan.', 'switch micro 3 pin.saklar mikro otomatis Rice cooker majic com/jer', 'bos kipasangin dinamoNational boshing fanpanasonic KDK dindingportable', 'kopel gigi karet blender drat lobang kecil gear RRT pisau blender umum', 'Gigi konektor Miyako lama gear lower panasonic,nasional drat besar POM']"
2020-07-18,"['bos kipasangin dinamoNational boshing fanpanasonic KDK dindingportable', 'Gear box/girbox/gearbox/gear bok kipas angin Cosmos Miyako,umum.rrt', 'Leher kipas angin COSMOS tiang berdiri stand fan leher Cosmos 12"" 16"".', 'Seal pompa air Shimizu 260/sil PC mekanical SHM.260 mekanik pompa air']"
2020-07-19,"['AS kipas angin model Maspion 20,5 cm.AS Maspion 16""/inci', 'Leher kipas angin COSMOS tiang berdiri stand fan leher Cosmos 12"" 16"".', 'AS DINAMO KIPAS ANGIN MODEL COSMOS,MIYAKO,UMUM-RRT.', 'bos boshing kipas angin Cosmos Miyako Maspion bossing bulet bushing']"
2020-07-21,"['switch micro 3 pin.saklar mikro otomatis Rice cooker majic com/jer', 'Tutup sendok Blender Nasional National tutup gelas juice blender NS.', 'Tutup sendok blender philips kaca beling gelas HR2115/2116/2071/Cap', 'oring seal AS kipas angin umum.', 'bos boshing kipas angin Cosmos Miyako Maspion bossing bulet bushing']"
2020-07-22,"['Kabel Magnet pemantik Rinnai/Hitachi mesin pemantik kompor gas Rinnai', 'arang blender Philip', 'AS kipas angin model Maspion 20,5 cm.AS Maspion 16""/inci']"
2020-07-24,"['Tarikan pinion socket gerbox cabutan kipas angin CosmosMiyakoMaspion', 'Gigi konektor blender Miyako drat lubang kecil gear lower National RRT', 'Gigi konektor Miyako lama gear lower panasonic,nasional drat besar POM', 'kapasitor kipas angin 2 uf mickro 450V capasitor kotak spareparts', 'AS DINAMO KIPAS ANGIN MODEL COSMOS,MIYAKO,UMUM-RRT.', 'kapasitas kipas angin 1,5uf mikro 450V capasitor kotak spareparts', 'kopel gigi karet blender drat lobang kecil gear RRT pisau blender umum', 'Bos mesin cuci bulet 10mm boshing fan kipasangin dinamo regenci umum', 'Tutup sendok Blender Nasional National tutup gelas juice blender NS.', 'bos kipasangin dinamoNational boshing fanpanasonic KDK dindingportable', 'Bos mesin cuci gentong 10mm boshing guci kipas angin regency']"
2020-07-26,"['Gigi konektor Miyako lama gear lower panasonic,nasional drat besar POM', 'seal pompa air Shimizu 100- 125/sil pompa air Shimizu simitsu 125.']"
2020-07-27,"['bos boshing kipas angin Cosmos Miyako Maspion bossing bulet bushing', 'Kabel Magnet pemantik Rinnai/Hitachi mesin pemantik kompor gas Rinnai', 'Gear box kipas angin Maspion bintang girbok/gear bok kipas angin12 16']"
2020-07-28,"['AS kipas angin model Maspion 18,5 cm.AS Maspion 12""/inci', 'AS kipas angin model Maspion 20,5 cm.AS Maspion 16""/inci', 'seal sil pompa air Panasonic National GP125 Nasional Spareparts pompa', 'bushing boshing bos bearing kipas angin Rrt/umum', 'bearing 606 NKN 2RS ball laher.', 'Seal pompa air Shimizu 260/sil PC mekanical SHM.260 mekanik pompa air', 'sil pompa air Shimizu 125/seal pompa air Shimizu simitsu 125.']"
2020-07-30,"['Gigi konektor Miyako lama gear lower panasonic,nasional drat besar POM', 'Gigi konektor blender Miyako drat lubang kecil gear lower National RRT']"
2020-07-31,"['Gear box/girbox/gearbox/gear bok kipas angin Cosmos Miyako,umum.rrt', 'seal 2 ply mounting bumbu blender Philip karet 2061-2071-2115-2116mill', 'seal blender jus Philip Philips baru 2061 karet pisau mounting']"
2020-08-01,"['bushing boshing bos bearing kipas angin Rrt/umum', 'Tarikan pinion socket gerbox cabutan kipas angin CosmosMiyakoMaspion', 'Tarikan pinion Gearbox kipas angin Maspion tarikan fanDinamodinding', 'Tarikan pinion baut gearbox kipas angin cabutan Cosmos Miyako Multifan', 'Gear Kopel Maspion Upper Blender Mounting Baut Pisau Flange gigi Spare', 'bearing nkn 608 2RS ball laher.', 'bos kipasangin dinamoNational boshing fanpanasonic KDK dindingportable', 'AS Exhaust/Exaust/Exsos Maspion Panasonic National multi kipas angin.']"
2020-08-02,"['bos boshing kipas angin Cosmos Miyako Maspion bossing bulet bushing', 'oring seal AS kipas angin umum.']"
2020-08-03,"['ball bearing 6200 NKN 2RS laher.', 'arang blender Philip', 'Seal Dab 125/Sil pompa air DB125/Seal MS12/Mechanical seal spareparts', 'seal pompa air Shimizu 100- 125/sil pompa air Shimizu simitsu 125.', 'seal sil pompa air Panasonic National GP125 Nasional Spareparts pompa', 'Gear box kipas angin Maspion bintang girbok/gear bok kipas angin12 16', 'Bos kipas angin boshing Maspion Gentong guci Dinamofandindingportable', 'bushing boshing bos bearing kipas angin Rrt/umum', 'Gigi konektor Miyako lama gear lower panasonic,nasional drat besar POM']"
2020-08-04,"['AS kipas angin model Maspion 20,5 cm.AS Maspion 16""/inci', 'Karet seal Oring sil blender Mounting gelas Nasional Miyako Gmc sanex', 'drat besar kopel gear gigi karet pisau blender.', 'Gigi konektor blender Miyako drat lubang kecil gear lower National RRT']"
2020-08-05,"['bos kipasangin dinamoNational boshing fanpanasonic KDK dindingportable', 'Bos mesin cuci bulet 10mm boshing fan kipasangin dinamo regenci umum', 'AS fan kipas angindinding portable panasonic Nasional KDK pajang20,5cm', 'Bos mesin cuci gentong 10mm boshing guci kipas angin regency', 'bos fan kipasangin Miyako cosmos maspion boshing plafondindingportable', 'termostat magicom 81 derajat rice cooker.', 'Gear box kipas angin Maspion bintang girbok/gear bok kipas angin12 16', 'bushing boshing bos bearing kipas angin Rrt/umum', 'oring seal AS kipas angin umum.']"
2020-08-06,"['Karet seal Oring sil blender Mounting gelas Nasional Miyako Gmc sanex', 'kopel gigi karet blender drat lobang kecil gear RRT pisau blender umum', 'Gigi konektor blender Miyako drat lubang kecil gear lower National RRT']"
2020-08-08,"['Siltip sealtape isolatip Hachi sealtape isolasi keranpipa air.', 'Gear box/girbox/gearbox/gear bok kipas angin Cosmos Miyako,umum.rrt', 'termostat magicom 81 derajat rice cooker.', 'Karet seal Oring sil blender Mounting gelas Nasional Miyako Gmc sanex', 'bos boshing kipas angin Cosmos Miyako Maspion bossing bulet bushing']"
2020-08-09,"['Karet seal Oring sil blender Mounting gelas Nasional Miyako Gmc sanex', 'Swit tembok kipas angin wall fan saklar tarikan DinamoDindingPlafon', 'AS DINAMO KIPAS ANGIN MODEL COSMOS,MIYAKO,UMUM-RRT.', 'oring seal AS kipas angin umum.', 'Snap Ring S 14 Circlip Retainer Xetrernal External Eksternal Retaining', 'Bos mesin cuci bulet 10mm boshing fan kipasangin dinamo regenci umum']"
2020-08-10,"['bushing boshing bos bearing kipas angin Rrt/umum', 'Tarikan pinion baut gearbox kipas angin cabutan Cosmos Miyako Multifan', 'Gear box kipas angin Maspion bintang girbok/gear bok kipas angin12 16', 'Gear box/girbox/gearbox/gear bok kipas angin Cosmos Miyako,umum.rrt', 'kapasitor kipas angin 2,5uf mickro kotak 450V capasitor spareparts', 'seal blender jus Philip Philips baru 2061 karet pisau mounting', 'Gear Kopel Maspion Upper Blender Mounting Baut Pisau Flange gigi Spare', 'B15-70 2RS Bearing NKN Ball bearing kapasitor B15-70 NKN(B317)']"
2020-08-12,"['bushing boshing bos bearing kipas angin Rrt/umum', 'gear konektor Miyako baru blender/ gigi lower mesin dinamo Blender.']"
2020-08-13,['Karet seal Oring sil blender Mounting gelas Nasional Miyako Gmc sanex']
2020-08-14,"['seal sil pompa air Panasonic National GP125 Nasional Spareparts pompa', 'oring seal AS kipas angin umum.', 'bos boshing kipas angin Cosmos Miyako Maspion bossing bulet bushing']"
2020-08-19,['bushing boshing bos bearing kipas angin Rrt/umum']
2020-08-20,"['seal blender jus Philip Philips baru 2061 karet pisau mounting', 'kopel Miyako baru pisau baut flange gigi blender gear upper konektor.', 'drat besar kopel gear gigi karet pisau blender.', 'konektor blender maspion conektor kecil gigi atas mesin gear ger lower', 'seal 2 ply mounting bumbu blender Philip karet 2061-2071-2115-2116mill', 'Tutup sendok Blender Nasional National tutup gelas juice blender NS.', 'bearing nkn 608 2RS ball laher.', 'oring seal AS kipas angin umum.', 'bos kipasangin dinamoNational boshing fanpanasonic KDK dindingportable', 'bos fan kipasangin Miyako cosmos maspion boshing plafondindingportable', 'kapasitas kipas angin 1,5uf mikro 450V capasitor kotak spareparts']"
